feature,coefficient
capital_words,3.3649427735777118
links,2.3294209740079332
spam_word_count,2.1625381730780147
words,1.7450638071401785
